<?xml version="1.0" encoding="UTF-8"?>
<project-private xmlns="http://www.netbeans.org/ns/project-private/1">
    <editor-bookmarks xmlns="http://www.netbeans.org/ns/editor-bookmarks/2" lastBookmarkId="0"/>
    <open-files xmlns="http://www.netbeans.org/ns/projectui-open-files/2">
        <group>
            <file>file:/C:/Users/Nawod%20Senanayaka/Documents/NetBeansProjects/Kalana/web/partials/_variables.scss</file>
            <file>file:/C:/Users/Nawod%20Senanayaka/Documents/NetBeansProjects/Kalana/web/alogout.jsp</file>
            <file>file:/C:/Users/Nawod%20Senanayaka/Documents/NetBeansProjects/Kalana/web/rorder.jsp</file>
            <file>file:/C:/Users/Nawod%20Senanayaka/Documents/NetBeansProjects/Kalana/web/contact.html</file>
            <file>file:/C:/Users/Nawod%20Senanayaka/Documents/NetBeansProjects/Kalana/web/testnavi.html</file>
            <file>file:/C:/Users/Nawod%20Senanayaka/Documents/NetBeansProjects/Kalana/web/cuhead.jsp</file>
            <file>file:/C:/Users/Nawod%20Senanayaka/Documents/NetBeansProjects/Kalana/web/fooddetails.jsp</file>
            <file>file:/C:/Users/Nawod%20Senanayaka/Documents/NetBeansProjects/Kalana/web/delorder.jsp</file>
            <file>file:/C:/Users/Nawod%20Senanayaka/Documents/NetBeansProjects/Kalana/web/partials/_mixins.scss</file>
            <file>file:/C:/Users/Nawod%20Senanayaka/Documents/NetBeansProjects/Kalana/web/srest.jsp</file>
            <file>file:/C:/Users/Nawod%20Senanayaka/Documents/NetBeansProjects/Kalana/web/umenu.jsp</file>
            <file>file:/C:/Users/Nawod%20Senanayaka/Documents/NetBeansProjects/Kalana/web/partials/_layout.scss</file>
            <file>file:/C:/Users/Nawod%20Senanayaka/Documents/NetBeansProjects/Kalana/web/hfoot.jsp</file>
            <file>file:/C:/Users/Nawod%20Senanayaka/Documents/NetBeansProjects/Kalana/web/register.jsp</file>
            <file>file:/C:/Users/Nawod%20Senanayaka/Documents/NetBeansProjects/Kalana/src/java/pkg/MyCon.java</file>
            <file>file:/C:/Users/Nawod%20Senanayaka/Documents/NetBeansProjects/Kalana/web/cumenu.jsp</file>
            <file>file:/C:/Users/Nawod%20Senanayaka/Documents/NetBeansProjects/Kalana/web/delrest.jsp</file>
            <file>file:/C:/Users/Nawod%20Senanayaka/Documents/NetBeansProjects/Kalana/web/doacfimg.jsp</file>
            <file>file:/C:/Users/Nawod%20Senanayaka/Documents/NetBeansProjects/Kalana/web/uhead.jsp</file>
            <file>file:/C:/Users/Nawod%20Senanayaka/Documents/NetBeansProjects/Kalana/web/douplimgfood.jsp</file>
            <file>file:/C:/Users/Nawod%20Senanayaka/Documents/NetBeansProjects/Kalana/web/not1.jsp</file>
            <file>file:/C:/Users/Nawod%20Senanayaka/Documents/NetBeansProjects/Kalana/web/showfood.jsp</file>
            <file>file:/C:/Users/Nawod%20Senanayaka/Documents/NetBeansProjects/Kalana/web/dofood.jsp</file>
            <file>file:/C:/Users/Nawod%20Senanayaka/Documents/NetBeansProjects/Kalana/web/doregister.jsp</file>
            <file>file:/C:/Users/Nawod%20Senanayaka/Documents/NetBeansProjects/Kalana/web/category.jsp</file>
            <file>file:/C:/Users/Nawod%20Senanayaka/Documents/NetBeansProjects/Kalana/web/about.html</file>
            <file>file:/C:/Users/Nawod%20Senanayaka/Documents/NetBeansProjects/Kalana/web/adminhome.jsp</file>
            <file>file:/C:/Users/Nawod%20Senanayaka/Documents/NetBeansProjects/Kalana/web/acfimg.jsp</file>
            <file>file:/C:/Users/Nawod%20Senanayaka/Documents/NetBeansProjects/Kalana/web/upcat.jsp</file>
            <file>file:/C:/Users/Nawod%20Senanayaka/Documents/NetBeansProjects/Kalana/web/js/main.js</file>
            <file>file:/C:/Users/Nawod%20Senanayaka/Documents/NetBeansProjects/Kalana/web/csfood.jsp</file>
            <file>file:/C:/Users/Nawod%20Senanayaka/Documents/NetBeansProjects/Kalana/web/cart.jsp</file>
            <file>file:/C:/Users/Nawod%20Senanayaka/Documents/NetBeansProjects/Kalana/web/rlogout.jsp</file>
            <file>file:/C:/Users/Nawod%20Senanayaka/Documents/NetBeansProjects/Kalana/web/uprest.jsp</file>
            <file>file:/C:/Users/Nawod%20Senanayaka/Documents/NetBeansProjects/Kalana/web/login.jsp</file>
            <file>file:/C:/Users/Nawod%20Senanayaka/Documents/NetBeansProjects/Kalana/web/ahead.jsp</file>
            <file>file:/C:/Users/Nawod%20Senanayaka/Documents/NetBeansProjects/Kalana/web/ucheck.jsp</file>
            <file>file:/C:/Users/Nawod%20Senanayaka/Documents/NetBeansProjects/Kalana/web/food.jsp</file>
            <file>file:/C:/Users/Nawod%20Senanayaka/Documents/NetBeansProjects/Kalana/web/index.jsp</file>
            <file>file:/C:/Users/Nawod%20Senanayaka/Documents/NetBeansProjects/Kalana/web/checkout.jsp</file>
            <file>file:/C:/Users/Nawod%20Senanayaka/Documents/NetBeansProjects/Kalana/web/sfood.jsp</file>
            <file>file:/C:/Users/Nawod%20Senanayaka/Documents/NetBeansProjects/Kalana/web/upfood.jsp</file>
            <file>file:/C:/Users/Nawod%20Senanayaka/Documents/NetBeansProjects/Kalana/web/doaddcat.jsp</file>
            <file>file:/C:/Users/Nawod%20Senanayaka/Documents/NetBeansProjects/Kalana/web/amenu.jsp</file>
            <file>file:/C:/Users/Nawod%20Senanayaka/Documents/NetBeansProjects/Kalana/web/delcart.jsp</file>
            <file>file:/C:/Users/Nawod%20Senanayaka/Documents/NetBeansProjects/Kalana/web/cshowfood.jsp</file>
            <file>file:/C:/Users/Nawod%20Senanayaka/Documents/NetBeansProjects/Kalana/web/rhead.jsp</file>
            <file>file:/C:/Users/Nawod%20Senanayaka/Documents/NetBeansProjects/Kalana/web/cfooddetails.jsp</file>
            <file>file:/C:/Users/Nawod%20Senanayaka/Documents/NetBeansProjects/Kalana/web/delcat.jsp</file>
            <file>file:/C:/Users/Nawod%20Senanayaka/Documents/NetBeansProjects/Kalana/web/upimgfood.jsp</file>
            <file>file:/C:/Users/Nawod%20Senanayaka/Documents/NetBeansProjects/Kalana/web/defood.jsp</file>
            <file>file:/C:/Users/Nawod%20Senanayaka/Documents/NetBeansProjects/Kalana/web/js/jquery-3.0.0.min.js</file>
            <file>file:/C:/Users/Nawod%20Senanayaka/Documents/NetBeansProjects/Kalana/web/resthome.jsp</file>
            <file>file:/C:/Users/Nawod%20Senanayaka/Documents/NetBeansProjects/Kalana/web/check.jsp</file>
            <file>file:/C:/Users/Nawod%20Senanayaka/Documents/NetBeansProjects/Kalana/web/rmenu.jsp</file>
            <file>file:/C:/Users/Nawod%20Senanayaka/Documents/NetBeansProjects/Kalana/web/doupcat.jsp</file>
            <file>file:/C:/Users/Nawod%20Senanayaka/Documents/NetBeansProjects/Kalana/web/ulogin.jsp</file>
        </group>
    </open-files>
</project-private>
